elapsed_s,chamber_f,meat_f,ssr
2,71.59999847,74.84999847,1
4,71.59999847,74.84999847,1
6,71.59999847,74.84999847,1
